﻿Order_ID,Agent Id,Agent Name,Agent_Age,No of Deliveries,Agent_Rating,source,destination,Order_Date,Order_Time,Pickup_Time,Weather,Traffic,Vehicle,Area,Delivery_Time,Category,Order Number,Order Weight(g),Order Cost
ialx566343618,1,Ayaan Ahmed,37,68,4.9,1,90,19/03/2022,11:30:00,11:45:00,Sunny,High ,motorcycle ,Urban ,120,Clothing,1,1247,187.05
akqg208421122,2,Zayan Khan,34,106,4.5,4,76,25/03/2022,19:45:00,19:50:00,Stormy,Jam ,scooter ,Metropolitian ,165,Electronics,2,293,43.95
njpu434582536,3,Rayan Malik,23,253,4.4,23,43,19/03/2022,8:30:00,8:45:00,Sandstorms,Low ,motorcycle ,Urban ,130,Sports,3,1855,278.25
rjto796129700,4,Ibrahim Sheikh,38,32,4.7,32,32,05/04/2022,18:00:00,18:10:00,Sunny,Medium ,motorcycle ,Metropolitian ,105,Cosmetics,4,4515,677.25
zguw716275638,5,Ehsan Chaudhry,32,212,4.6,12,54,26/03/2022,13:30:00,13:45:00,Cloudy,High ,scooter ,Metropolitian ,150,Toys,5,3705,555.75
fxuu788413734,6,Hassan Farooq,22,24,4.8,43,23,11/03/2022,21:20:00,21:30:00,Cloudy,Jam ,motorcycle ,Urban ,130,Toys,6,5833,874.95
njmo150975311,7,Ali Hussain,33,118,4.7,54,45,04/03/2022,19:15:00,19:30:00,Fog,Jam ,scooter ,Metropolitian ,200,Toys,7,4282,642.3
jvjc772545076,8,Hamza Ali,35,180,4.6,6,19,14/03/2022,17:25:00,17:30:00,Cloudy,Medium ,motorcycle ,Metropolitian ,160,Snacks,8,5011,751.65
uaeb808891380,9,Zaid Rehman,22,241,4.8,34,10,20/03/2022,20:55:00,21:05:00,Stormy,Jam ,motorcycle ,Metropolitian ,170,Electronics,9,5204,780.6
bgvc052754213,10,Omar Shaikh,36,273,4.2,12,24,12/02/2022,21:55:00,22:10:00,Fog,Jam ,motorcycle ,Metropolitian ,230,Toys,10,978,146.7
vmau710398846,11,Yusuf Ansari,21,161,4.7,76,9,13/02/2022,14:55:00,15:05:00,Stormy,High ,motorcycle ,Metropolitian ,115,Cosmetics,11,1988,298.2
lcwn330553507,12,Bilal Yousaf,23,174,4.7,54,45,04/03/2022,17:30:00,17:40:00,Sandstorms,Medium ,scooter ,Metropolitian ,105,Shoes,12,2636,395.4
wcjs752046999,13,Zain Iqbal,34,172,4.3,23,3,13/02/2022,9:20:00,9:30:00,Sandstorms,Low ,motorcycle ,Metropolitian ,100,Apparel,13,4692,703.8
blhl288691670,14,Tariq Rasheed,24,225,4.7,9,2,14/02/2022,19:50:00,20:05:00,Fog,Jam ,scooter ,Metropolitian ,205,Jewelry,14,5237,785.55
zyvo118176215,15,Salman Zafar,29,23,4.5,78,1,02/04/2022,20:25:00,20:35:00,Sandstorms,Jam ,van,Metropolitian ,100,Outdoors,15,5194,779.1
uhfs888375680,16,Imran Akhtar,35,139,4,45,7,01/03/2022,14:55:00,15:10:00,Windy,High ,scooter ,Metropolitian ,33,Grocery,16,2209,331.35
vmfv999642595,17,Saad Siddiqui,33,130,4.2,21,3,16/03/2022,20:30:00,20:40:00,Sandstorms,Jam ,motorcycle ,Metropolitian ,200,Cosmetics,17,830,124.5
qfgc848777135,18,Haris Hameed,34,69,4.9,9,4,20/03/2022,20:40:00,20:50:00,Cloudy,Jam ,motorcycle ,Metropolitian ,205,Snacks,18,2789,418.35
vwmc439983136,19,Ammar Qureshi,21,141,4.7,47,56,15/02/2022,21:15:00,21:30:00,Windy,Jam ,motorcycle ,Urban ,75,Jewelry,19,481,72.15
ntzy027061451,20,Ahmad Aslam,25,151,4.1,32,67,16/03/2022,20:20:00,20:25:00,Sandstorms,Jam ,motorcycle ,Metropolitian ,180,Toys,20,1941,291.15
pbjm971961647,21,Usman Naseer,31,138,4.7,90,67,10/03/2022,22:30:00,22:45:00,Sandstorms,Low ,van,Metropolitian ,130,Books,21,3420,513
kjic578711491,22,Daniyal Riaz,37,257,5,76,87,11/03/2022,8:15:00,8:30:00,Sandstorms,Low ,motorcycle ,Metropolitian ,100,Clothing,22,4021,603.15
rkzt648036688,23,Suleman Faisal,33,51,4.3,32,37,27/03/2022,19:30:00,19:45:00,Windy,Jam ,scooter ,Metropolitian ,195,Snacks,23,5256,788.4
segh259958026,24,Azhar Ashraf,25,230,4,46,27,26/03/2022,12:25:00,12:30:00,Cloudy,High ,motorcycle ,Metropolitian ,170,Jewelry,24,1764,264.6
owvs520891091,25,Sami Rafique,29,271,4.5,67,90,27/03/2022,18:35:00,18:50:00,Sunny,Medium ,van,Metropolitian ,75,Outdoors,25,2925,438.75
edrh271340988,26,Adeel Javed,27,71,5,89,78,05/04/2022,20:35:00,20:40:00,Stormy,Jam ,motorcycle ,Urban ,90,Cosmetics,26,5360,804
qvfd540651807,27,Farhan Habib,35,89,4.3,9,78,12/03/2022,23:20:00,23:30:00,Cloudy,Low ,scooter ,Metropolitian ,190,Electronics,27,5805,870.75
gzfn634029300,28,Zubair Kazmi,32,40,4,98,0,16/03/2022,21:20:00,21:35:00,Windy,Jam ,motorcycle ,Metropolitian ,235,Cosmetics,28,1981,297.15
xjps180812498,29,Noman Dar,23,193,4.8,76,1,02/04/2022,23:35:00,23:45:00,Windy,Low ,van,Urban ,60,Jewelry,29,292,43.8
ahpg083217029,30,Fahad Gill,31,191,4.8,65,2,01/04/2022,22:35:00,22:50:00,Sandstorms,Low ,motorcycle ,Metropolitian ,130,Jewelry,30,890,133.5
itii428784576,31,Kashif Bajwa,36,67,4.1,54,1,05/03/2022,22:35:00,22:40:00,Stormy,Low ,motorcycle ,Urban ,110,Cosmetics,31,2906,435.9
asis944862845,32,Faizan Tariq,26,220,4.3,43,65,11/02/2022,23:25:00,23:35:00,Sandstorms,Low ,motorcycle ,Urban ,105,Jewelry,32,2246,336.9
xzkg140273315,33,Shayan Waheed,38,140,4.9,32,79,11/02/2022,13:35:00,13:40:00,Cloudy,High ,scooter ,Urban ,125,Shoes,33,2473,370.95
zotl583816092,34,Junaid Nawaz,32,188,3.5,21,90,08/03/2022,21:35:00,21:45:00,Stormy,Jam ,scooter ,Urban ,35,Grocery,34,1022,153.3
agoo012263585,35,Arham Anwar,32,298,4.6,12,21,02/04/2022,22:35:00,22:45:00,Cloudy,Low ,scooter ,Metropolitian ,150,Sports,35,5900,885
ezif478391605,36,Rehan Hassan,33,105,4.9,23,67,08/03/2022,18:55:00,19:10:00,Sunny,Medium ,motorcycle ,Metropolitian ,110,Jewelry,36,4476,671.4
tixw400453550,37,Zeeshan Haider,20,218,4.7,34,43,03/04/2022,14:15:00,14:25:00,Windy,High ,scooter ,Urban ,50,Toys,37,5640,846
mrfx777445506,38,Shahid Zaheer,20,100,4.8,35,65,30/03/2022,11:00:00,11:10:00,Sandstorms,Low ,scooter ,Metropolitian ,95,Kitchen,38,3365,504.75
czjt755903822,39,Umar Afzal,35,16,5,37,26,01/04/2022,9:45:00,9:55:00,Sunny,Low ,scooter ,Urban ,55,Clothing,39,5517,827.55
zqtj827550147,40,Nabeel Sultan,26,239,4.9,7,17,28/03/2022,8:40:00,8:55:00,Stormy,Low ,scooter ,Metropolitian ,55,Kitchen,40,5331,799.65
luka250567007,41,Kamran Amin,22,58,4.8,1,79,18/03/2022,23:00:00,23:10:00,Fog,Low ,motorcycle ,Metropolitian ,140,Books,41,1308,196.2
zkat983341391,42,Sohail Sarwar,35,27,4.3,4,9,14/03/2022,17:25:00,17:30:00,Cloudy,Medium ,motorcycle ,Metropolitian ,33,Grocery,42,3565,534.75
ydhu273019158,43,Asad Mughal,37,47,4.7,8,57,04/04/2022,19:45:00,19:50:00,Sandstorms,Jam ,motorcycle ,Metropolitian ,260,Clothing,43,2189,328.35
rpuq263118672,44,Ahsan Shabbir,28,177,4.6,5,21,08/03/2022,19:10:00,19:25:00,Stormy,Jam ,scooter ,Metropolitian ,110,Cosmetics,44,5259,788.85
nvck471535045,45,Hasnain Saeed,37,157,4.9,3,26,13/02/2022,10:55:00,11:00:00,Fog,Low ,scooter ,Urban ,16,Grocery,45,3348,502.2
rxgx102974679,46,Rizwan Khalid,23,25,4.9,0,30,24/03/2022,21:40:00,21:45:00,Sunny,Jam ,van,Metropolitian ,55,Apparel,46,4907,736.05
ikas794013321,47,Tanveer Imran,27,281,4.9,23,20,19/03/2022,19:00:00,19:15:00,Windy,Medium ,scooter ,Metropolitian ,125,Snacks,47,5065,759.75
dsyl658069912,48,Waqar Sabir,37,193,4.8,13,40,09/03/2022,16:45:00,16:55:00,Cloudy,Medium ,motorcycle ,Urban ,130,Jewelry,48,3080,462
wzoc344425774,49,Rafiq Mehmood,33,117,5,17,50,19/03/2022,11:30:00,11:40:00,Sunny,High ,scooter ,Metropolitian ,90,Shoes,49,3558,533.7
dwnh519656346,50,Abdullah Shah,31,27,4.9,19,80,03/04/2022,15:10:00,15:15:00,Fog,Medium ,motorcycle ,Metropolitian ,80,Books,50,1762,264.3
yakw330215137,51,Shahbaz Yasin,31,74,4.8,10,90,25/03/2022,22:45:00,22:55:00,Stormy,Low ,scooter ,Metropolitian ,115,Cosmetics,51,5246,786.9
dcdm719150402,52,Basit Kamran,25,116,5,11,100,13/02/2022,22:10:00,22:25:00,Cloudy,Low ,motorcycle ,Metropolitian ,75,Home,52,3295,494.25
fris321432357,53,Faisal Rafiq,28,234,4.8,21,0,04/04/2022,20:45:00,20:55:00,Sandstorms,Jam ,motorcycle ,Metropolitian ,180,Kitchen,53,1199,179.85
mxuw713526914,54,Saqib Noman,31,58,4.7,25,1,26/03/2022,22:50:00,23:05:00,Cloudy,Low ,motorcycle ,Metropolitian ,80,Clothing,54,2332,349.8
carl449634661,55,Mudassir Latif,24,154,4.7,29,2,10/03/2022,17:55:00,18:00:00,Sunny,Medium ,motorcycle ,Urban ,95,Snacks,55,2488,373.2
msnw786727644,56,Taimoor Rizvi,39,48,4.6,28,3,14/02/2022,22:45:00,23:00:00,Sunny,Low ,motorcycle ,Metropolitian ,135,Jewelry,56,2863,429.45
bbow373480117,57,Muaz Mansoor,39,161,4.2,20,4,02/03/2022,20:35:00,20:50:00,Fog,Jam ,scooter ,Semi-Urban ,245,Apparel,57,2811,421.65
vizd072469706,58,Qasim Naeem,32,264,4.5,39,5,26/03/2022,9:25:00,9:40:00,Windy,Low ,scooter ,Other,100,Shoes,58,5614,842.1
etss702593505,59,Hamad Khattak,36,95,4.7,37,6,13/03/2022,20:15:00,20:20:00,Cloudy,Jam ,motorcycle ,Metropolitian ,150,Sports,59,3825,573.75
rxxx129114996,60,Zahir Mirza,25,40,4.8,42,7,29/03/2022,22:25:00,22:35:00,Sandstorms,Low ,scooter ,Urban ,90,Cosmetics,60,2774,416.1
bull762076829,61,Sadiq Bukhari,33,170,4.9,41,8,30/03/2022,21:55:00,22:00:00,Sunny,Jam ,scooter ,Metropolitian ,110,Books,61,540,81
fpkv432118410,62,Rameez Mumtaz,30,54,4.4,8,10,12/03/2022,22:40:00,22:55:00,Cloudy,Low ,scooter ,Metropolitian ,170,Shoes,62,2600,390
udpq945815554,63,Feroz Junaid,33,73,5,51,89,31/03/2022,23:50:00,23:55:00,Sandstorms,Low ,motorcycle ,Urban ,120,Jewelry,63,4676,701.4
qeqp930384577,64,Irfan Zubair,36,67,4.9,80,85,17/03/2022,15:25:00,15:40:00,Fog,Medium ,scooter ,Metropolitian ,85,Pet Supplies,64,2095,314.25
cwvq091479872,65,Adil Raza,21,126,4.8,60,42,15/02/2022,10:20:00,10:30:00,Sandstorms,Low ,van,Metropolitian ,70,Shoes,65,528,79.2
ivtf765857546,66,Shaheer Adeel,39,92,4.9,30,76,15/02/2022,20:55:00,21:00:00,Stormy,Jam ,motorcycle ,Metropolitian ,150,Skincare,66,1390,208.5
emlt327861941,67,Talha Waseem,23,37,4.8,65,67,07/03/2022,10:40:00,10:50:00,Stormy,Low ,scooter ,Metropolitian ,15,Grocery,67,1225,183.75
rufz727804632,68,Naveed Asghar,35,30,4.8,46,49,28/03/2022,15:55:00,16:05:00,Fog,Medium ,scooter ,Urban ,80,Apparel,68,1531,229.65
gkrb550339468,69,Mubeen Tanveer,39,37,4.6,78,58,16/03/2022,20:10:00,20:15:00,Cloudy,Jam ,scooter ,Metropolitian ,180,Home,69,1925,288.75
tsec016509855,70,Shakeel Mustafa,22,178,4.7,97,36,17/03/2022,12:10:00,12:15:00,Sunny,High ,scooter ,Urban ,90,Sports,70,2063,309.45
xczs106918282,71,Saif Shahid,32,284,4.6,43,46,15/03/2022,15:30:00,15:45:00,Fog,Medium ,scooter ,Metropolitian ,85,Outdoors,71,3753,562.95
lgee738117860,72,Aqib Ahsan,24,192,4.8,26,64,25/03/2022,22:10:00,22:15:00,Sandstorms,Low ,motorcycle ,Urban ,75,Apparel,72,3948,592.2
nxfs257449148,73,Zubair Sami,29,15,4.7,75,24,09/03/2022,10:35:00,10:45:00,Fog,Low ,motorcycle ,Metropolitian ,85,Books,73,2890,433.5
wycd588946822,74,Tahir Mubashir,26,103,4.7,36,54,05/03/2022,23:50:00,0:05:00,Fog,Low ,motorcycle ,Metropolitian ,50,Shoes,74,444,66.6
bhdi726355812,75,Sameer Hafeez,20,105,4.5,29,21,11/02/2022,21:10:00,21:25:00,Fog,Jam ,motorcycle ,Metropolitian ,135,Sports,75,4432,664.8
wnbv620439671,76,Anees Shakeel,35,259,4.1,85,47,12/03/2022,20:25:00,20:40:00,Sandstorms,Jam ,motorcycle ,Metropolitian ,185,Pet Supplies,76,3987,598.05
jvco758418006,77,Khizar Nadeem,39,206,4.6,16,76,29/03/2022,20:50:00,21:00:00,Fog,Jam ,scooter ,Metropolitian ,220,Electronics,77,1006,150.9
zkks967394571,78,Raheel Basit,34,271,4.7,96,36,19/03/2022,12:35:00,12:45:00,Windy,High ,van,Metropolitian ,140,Snacks,78,2255,338.25
oiyh656906407,79,Waqas Saif,27,153,4.7,46,79,10/03/2022,21:00:00,21:15:00,Cloudy,Jam ,scooter ,Metropolitian ,210,Apparel,79,3209,481.35
dfit633531471,80,Anas Talat,30,131,4.8,70,68,16/02/2022,23:40:00,23:55:00,Windy,Low ,motorcycle ,Metropolitian ,125,Sports,80,4336,650.4
qhxw976953297,81,Adnan Owais,25,246,4.4,38,43,27/03/2022,18:15:00,18:20:00,Cloudy,Medium ,scooter ,Metropolitian ,195,Jewelry,81,1062,159.3
mryb985330207,82,Ashfaq Adil,25,132,4.7,59,25,27/03/2022,18:20:00,18:25:00,Stormy,Medium ,motorcycle ,Urban ,100,Electronics,82,4724,708.6
jzam829230168,83,Rameez Irfan,30,278,5,67,35,24/03/2022,11:45:00,11:50:00,Stormy,High ,motorcycle ,Metropolitian ,155,Kitchen,83,5456,818.4
xnod694467359,84,Waseem Haroon,24,50,4.6,54,45,09/03/2022,20:45:00,20:55:00,Stormy,Jam ,motorcycle ,Metropolitian ,65,Home,84,2648,397.2
hcno407153953,85,Hashim Shan,39,60,4.8,34,55,03/03/2022,21:55:00,22:10:00,Stormy,Jam ,motorcycle ,Metropolitian ,140,Home,85,1581,237.15
gyjc869072111,86,Niaz Taimoor,25,163,4.8,2,65,15/02/2022,12:45:00,12:50:00,Windy,High ,scooter ,Urban ,95,Snacks,86,5560,834
wkqq813752515,87,Danish Faizan,37,115,4.6,48,75,18/02/2022,23:30:00,23:45:00,Fog,Low ,motorcycle ,Urban ,210,Kitchen,87,4126,618.9
vdfj488526028,88,Owais Nabeel,24,238,5,75,85,01/03/2022,10:50:00,10:55:00,Fog,Low ,motorcycle ,Metropolitian ,115,Electronics,88,4995,749.25
pngq326709686,89,Khurram Qamar,25,293,4.2,12,95,23/03/2022,21:25:00,21:40:00,Stormy,Jam ,motorcycle ,Metropolitian ,195,Cosmetics,89,5334,800.1
caja224507886,90,Asim Azhar,32,147,4.6,78,99,01/04/2022,10:10:00,10:20:00,Stormy,Low ,motorcycle ,Metropolitian ,125,Outdoors,90,1263,189.45
hnme204254454,91,Hafeez Ilyas,34,138,4.7,67,88,16/02/2022,23:00:00,23:05:00,Sandstorms,Low ,scooter ,Metropolitian ,75,Clothing,91,1701,255.15
uehx759760979,92,Munir Hashmi,38,112,4.9,89,77,11/03/2022,8:40:00,8:55:00,Cloudy,Low ,scooter ,Urban ,75,Books,92,4690,703.5
sdod930462581,93,Ilyas Kashif,36,158,4.8,3,66,14/03/2022,17:50:00,17:55:00,Sunny,Medium ,van,Metropolitian ,75,Home,93,5480,822
visy471360404,94,Azim Feroz,25,149,5,14,55,18/03/2022,20:25:00,20:40:00,Stormy,Jam ,motorcycle ,Metropolitian ,75,Electronics,94,4576,686.4
wddq796276216,95,Mansoor Haris,29,52,5,17,44,01/04/2022,22:20:00,22:25:00,Sunny,Low ,motorcycle ,Metropolitian ,90,Outdoors,95,354,53.1
pqya338067587,96,Abdul Rahman Moin,36,214,4.7,81,33,04/04/2022,23:40:00,23:50:00,Sandstorms,Low ,van,Metropolitian ,145,Clothing,96,5669,850.35
last796029882,97,Abdul Wahid Shakir,33,99,4.7,71,22,11/03/2022,23:25:00,23:30:00,Fog,Low ,motorcycle ,Metropolitian ,100,Snacks,97,4703,705.45
mzyt873581742,98,Abdul Aziz Zahir,36,286,4.4,61,11,13/03/2022,12:40:00,12:55:00,Cloudy,High ,scooter ,Metropolitian ,195,Skincare,98,4719,707.85
kbhb286226770,99,Abdul Basit Hamid,21,16,4.8,47,1,04/03/2022,23:30:00,23:45:00,Windy,Low ,motorcycle ,Metropolitian ,95,Sports,99,5342,801.3
okvp821614347,100,Abdul Kareem Anwar,25,282,4.8,1,10,26/03/2022,23:55:00,0:10:00,Cloudy,Low ,scooter ,Urban ,19,Grocery,100,5067,760.05
